<skin version="1.1" name="Elegante" author="BRLOGIC">

	<settings>
		<setting name="frontcolor" value="0xFFFFFF" />
	</settings>

	<components>
		<component name="controlbar">
			<settings>
				<setting name="margin" value="10" />
				<setting name="fontsize" value="10" />
				<setting name="fontcolor" value="0xFFFFFF" />
			</settings>
			
			<layout>
				<group position="left">
					<button name="play" />
				</group>
		
				<group position="right">
					<button name="mute" />
					<slider name="volume" />
				</group>
			</layout>

			<elements>
				<element name="background" src="background.png" />
				<element name="capLeft" src="capLeft.png" />
				<element name="capRight" src="capRight.png" />
				<element name="divider" src="divider.png" />
				
				<element name="playButton" src="playButton.png" />
				<element name="playButtonOver" src="playButton.png" />
				
				<element name="pauseButton" src="pauseButton.png" />
				<element name="pauseButtonOver" src="pauseButton.png" />
				
				<element name="muteButton" src="muteButton.png" />
				<element name="muteButtonOver" src="muteButton.png" />
				
				<element name="unmuteButton" src="unmuteButton.png" />
				<element name="unmuteButtonOver" src="unmuteButton.png" />
				
				<element name="volumeSliderRail" src="volumeSliderRail.png" />
				<element name="volumeSliderBuffer" src="volumeSliderBuffer.png" />
				<element name="volumeSliderProgress" src="volumeSliderProgress.png" />
			</elements>
		</component>
	</components>

</skin>