<skin version="1.1" name="Elegante" author="BRLOGIC">

	<settings>
		<setting name="frontcolor" value="0xFFFFFF" />
		<setting name="lightcolor" value="0xFFFFFF" />
	</settings>

	<components>
		<component name="controlbar">
			<settings>
				<setting name="margin" value="0" />
				<setting name="fontsize" value="10" />
				<setting name="fontcolor" value="0xE5E5E5" />
				<setting name="buttoncolor" value="0xE5E5E5" />
			</settings>

			<layout>
				<group position="left">
					<button name="play" />
				</group>
		
				<group position="right">
					<button name="mute" />
					<slider name="volume" />
				</group>
			</layout>

			<elements>
				<element name="background" src="background.png" />
				<element name="blankButton" src="blankButton.png" />
				<element name="blankButtonOver" src="blankButton.png" />
				<element name="playButton" src="playButton.png" />
				<element name="playButtonOver" src="playButtonOver.png" />
				<element name="pauseButton" src="pauseButton.png" />
				<element name="pauseButtonOver" src="pauseButtonOver.png" />
				<element name="muteButton" src="muteButton.png" />
				<element name="muteButtonOver" src="muteButtonOver.png" />
				<element name="unmuteButton" src="unmuteButton.png" />
				<element name="unmuteButtonOver" src="unmuteButtonOver.png" />
				<element name="volumeSliderRail" src="volumeSliderRail.png" />
				<element name="volumeSliderProgress" src="volumeSliderProgress.png" />
				<element name="volumeSliderCapRight" src="volumeSliderCapRight.png" />
			</elements>
		</component>
	</components>

</skin>